brand,name,old_price_reais,old_price_cents,new_price_reais,new_price_cents,reviews_rating_number,reviews_amount,vendedor
OLYMPIKUS,Olympikus Express Masculino Adultos,,,,,4.6,(298),por Sandrini Menswear
OLYMPIKUS,Olympikus 24/7 Lap Masculino Adultos,,,,,4.8,(7996),por Sandrini Menswear
PUMA,Puma Caven 2.0 Sem gênero Adultos,,,,,,,por Sandrini Menswear
OLYMPIKUS,Olympikus Treino Dynamic Masculino Adultos,,,,,4.8,(5937),por Mercado Livre Moda Sports
OLYMPIKUS,Olympikus Zex Masculino Adultos,,,,,4.7,(177),por Mercado Livre Moda Sports
OLYMPIKUS,Olympikus Treino Volcan Masculino Adultos,,,,,4.7,(808),por Mercado Livre Moda Sports
PUMA,Puma Smash V2 Masculino Adultos,,,,,4.8,(161),por Puma
PUMA,Puma Caven 2.0 Sem gênero Adultos,,,,,,,por Sandrini Menswear
OLYMPIKUS,Olympikus 24/7 Lap Masculino Adultos,,,,,4.8,(7996),por Sandrini Menswear
,Tênis Masculino Academia Leve Olimp Confortável Original 23,,,,,4.4,(7117),por Saymon
,Tenis Olimp Esportivo Masculino Feminino Leve E Macio,,,,,4.1,(6041),
POLO JOY,Sapatenis Masculino Polo Joy Nova Versão Latex,,,,,4.7,(320),
,Tênis Masculino Academia Leve Olimp Confortável Original 23,,,,,4.4,(7117),por Saymon
VANS,Vans SK8-Hi Sem gênero Adultos,,,,,3.5,(42),
ARAMIS,Tênis Sneak High Clb Alexandre Herchcovitch Laranja Com Bege,,,,,,,por Aramis
NIKE,Nike Court Vision Low Next Nature Masculino Adultos,,,,,4.5,(107),por Nike
PUMA,Puma Shuffle Masculino Adultos,,,,,4.7,(117),por Puma
TRYD,Tênis Para Treino Academia Caminhada Corrida Tryd 5400 Leve,,,,,4.5,(9921),por Tenis TRYD
OLYMPIKUS,Olympikus Casual Only 2 Sem gênero Adultos,,,,,4.7,(1032),por Mercado Livre Moda Sports
,Tenis Feminino Casual Masculino Nyc Shoes Moda,,,,,4.5,(8008),
OLYMPIKUS,Olympikus Express Masculino Adultos,,,,,4.6,(298),por Sandrini Menswear
NIKE,Tênis Nike Revolution 7 Masculino,,,,,4.7,(341),por Nike
UNDER ARMOUR,Under Armour Dagger Masculino Adultos,,,,,4.6,(56),por Mercado Livre Moda Sports
,Tênis Olymp Olimp Lançamento Space Promoção Caminhada Megaaa,,,,,4.4,(3115),
ADIDAS,adidas Advantage Base Masculino Adultos,,,,,4.5,(43),por Mercado Livre
POLO JOY,Sapatenis Masculino Polo Joy Nova Versão Latex,,,,,4.7,(320),
OLYMPIKUS,Tênis Masculino Esportivo Dynamic Cover Grid Olympikus Novo,,,,,,,por Mercado Livre Moda Sports
OLYMPIKUS,Olympikus Casual Jogging 100 Sem gênero Adultos OBTN068_1-012,,,,,4.7,(2997),por Mercado Livre Moda Sports
OLYMPIKUS,Olympikus Volcan Sem gênero Adultos,,,,,4.6,(52),
PUMA,Puma Caven 2.0 Bdp Masculino Adultos 396330,,,,,4.7,(109),
ADIDAS,Tênis Masculino Grand Court Base 2.0 Simp adidas,,,,,4.8,(394),por adidas
SAPATOFRAN,Tênis Masculino Preto Leve Jogging Jogger Original + Brindes,,,,,4.3,(1925),
OLYMPIKUS,Tênis Masculino E Feminino Jogging 100 Olympikus,,,,,4.6,(2515),por Mercado Livre Moda Sports
,Sapatenis Kit 3 Pares + Relogio Mais Barato Do Brasil,,,,,3.9,(789),
POLO WEAR,Sapatênis Masculino Casual Polo Wear Preto,,,,,,,por Polo Wear
OLYMPIKUS,Olympikus Only 2 Masculino Adultos,,,,,4.7,(2088),por CenterSport
PUMA,Puma X-Ray 2 Square Masculino Adultos,,,,,4.7,(93),por Mercado Livre Moda Sports
OLYMPIKUS,Tênis Masculino Taurus Olympikus Novo,,,,,4.9,(10),por Mercado Livre Moda Sports
,Tênis Branco Academia Caminhada Esportivo Confortável Barato,,,,,4.7,(1041),
TRYD,Tênis Masculino Leve Esportivo Sapato Confortável Promoção,,,,,4.6,(2527),por Tenis TRYD
ARAMIS,Tênis Journey High Sneak Alexandre Herchcovitch Branco Cinza,,,,,,,por Aramis
UNDER ARMOUR,Tênis Masculino E Feminino Tribase Reps Under Armour Novo,,,,,4.7,(19),por Mercado Livre Moda Sports
FILA,Fila KR6 Masculino Adultos,,,,,4.7,(205),
,Tenis Masculino Da Polo Varias Cores Exclusivo Lançamento ,,,,,4.5,(3042),
VANS,Vans UltraRange V3 Sem gênero Adultos,,,,,4.3,(40),
ADIDAS,Tênis Response Runner adidas,,,,,,,por adidas
VANS,Vans UltraRange Exo Sem gênero Adultos,,,,,,,
UNDER ARMOUR,Under Armour Pacer Masculino Adultos,,,,,4.6,(709),por Mercado Livre Moda Sports
,Tenis Sapatilha Bike Pesca Corrida Academia Neoprene Confort,,,,,4.6,(470),
UNDER ARMOUR,Under Armour Tribase Reps Masculino Adultos,,,,,4.8,(26),
OLYMPIKUS,Tênis Masculino Taurus Olympikus *oferta*,,,,,4.9,(336),por Mercado Livre Moda Sports
ADIDAS,Chuteira F50 Club Society Masculino,,,,,,,por adidas
ADIDAS,adidas Advantage Masculino Adultos,,,,,4.7,(273),por adidas
OLYMPIKUS,Olympikus Eros Masculino Adultos,,,,,4.8,(1339),
